Name,Time

Unk,21:21:44
Unk,21:24:04
Unk,21:24:04
Unk,21:24:05
Unk,21:24:05
Unk,21:24:05
Unk,21:24:05
Unk,21:24:05
Unk,21:24:05
Unk,21:24:06
Unk,21:24:06
Unk,21:24:06
Unk,21:24:06
Unk,21:24:07
Unk,21:24:07
Unk,21:24:07
Unk,21:24:07
Unk,21:24:07
Unk,21:24:07
Unk,21:24:08
Unk,21:24:08
Unk,21:24:08
Unk,21:24:08
Unk,21:24:09
Unk,21:24:09
Unk,21:24:09
Unk,21:24:09
Unk,21:24:10
Unk,21:24:10
Unk,21:24:10
Unk,21:24:10
Unk,21:24:10
Unk,21:24:10
Unk,21:24:11
Unk,21:24:11
Unk,21:24:11
Unk,21:24:11
Unk,21:24:12
Unk,21:24:12
Unk,21:24:12
Unk,21:24:12
Unk,21:24:12
Unk,21:24:12
Unk,21:24:13
Unk,21:24:13
Unk,21:24:13
Unk,21:24:13
Unk,21:24:14
Unk,21:24:14
Unk,21:30:05
Unk,21:30:05
Unk,21:30:08
Unk,21:30:08
Unk,21:30:10
Unk,21:30:10
Unk,21:30:13
Unk,21:30:13
Unk,21:30:15
Unk,21:30:15
Unk,21:30:17
Unk,21:30:17
Unk,21:30:21
Unk,21:30:21
Unk,21:30:23
Unk,21:30:23
Unk,21:30:25
Unk,21:30:25
Unk,21:31:40
Unk,21:31:40
Unk,21:31:42
Unk,21:31:42
Unk,21:31:44
Unk,21:31:44
Unk,21:31:47
Unk,21:31:47
Unk,21:31:50
Unk,21:31:50
Unk,21:31:52
Unk,21:31:52
Unk,21:31:54
Unk,21:31:54
Unk,21:32:43
Unk,21:32:43
Unk,21:32:45
Unk,21:32:45
Unk,21:32:48
Unk,21:32:48
Unk,21:32:50
Unk,21:32:50
Unk,21:32:53
Unk,21:32:53
Unk,21:37:26
Unk,21:37:26
Unk,21:37:35
Unk,21:37:35
Unk,21:37:37
Unk,21:37:37
Unk,21:37:39
Unk,21:37:39
Unk,21:46:30
Unk,21:46:30
Unk,21:46:32
Unk,21:46:32
Unk,21:46:35
Unk,21:46:35
Unk,21:46:37
Unk,21:46:37
Unk,16:22:47
Unk,16:22:47
Unk,16:22:51
Unk,16:22:51
Unk,16:22:54
Unk,16:22:54
Unk,16:22:56
Unk,16:22:56
Unk,16:22:59
Unk,16:22:59
Unknown,14:53:30
Unknown,14:53:30
Unknown,14:53:30
Unknown,14:53:30
Unknown,14:53:30
Unknown,14:53:30
Unknown,14:53:30
Unknown,14:53:30
Unknown,14:53:30
Unknown,14:53:30
Unknown,14:53:30
Unknown,14:53:30
Unknown,14:53:30
Unknown,14:53:30
Unknown,14:53:30
Unknown,14:53:30
Unknown,14:53:30
Unknown,14:53:30
Unknown,14:53:30
Unknown,14:53:30
Unknown,14:53:30
Unknown,14:53:30
Unknown,14:53:30
Unknown,14:53:30
Unknown,14:53:30
Unknown,14:53:30
Unknown,14:53:30
Unknown,14:53:30
Unknown,14:53:30
Unknown,14:53:30
Unknown,14:53:30
Unknown,14:53:30
Unknown,14:53:30
Unknown,14:53:30
Unknown,14:53:30
Unknown,14:53:30
Unknown,14:53:30
Unknown,14:53:30
Unknown,14:53:30
Unknown,14:53:30
Unknown,14:53:30
Unknown,14:53:30
Unknown,14:53:30
Unknown,14:53:30
Unknown,14:53:30
Unknown,14:53:30
Unknown,14:53:30
Unknown,14:53:30
Unknown,14:53:30
Unknown,14:53:30
Unknown,14:53:30
Unknown,14:53:30
Unknown,14:53:30
Unknown,14:53:30
Unknown,14:53:30
Unknown,14:53:30
Unknown,14:53:30
Unknown,14:53:30
Unknown,14:53:30
Unknown,14:53:30
Unknown,14:53:30
Unknown,14:53:30
Unknown,14:53:30
Unknown,14:53:30
Unknown,14:53:30
Unknown,14:53:30
Unknown,14:53:30
Unknown,14:53:30
Unknown,14:53:30
Unknown,14:53:30
Unknown,14:53:30
Unknown,14:53:30
Unknown,14:53:30
Unknown,14:53:30
Unknown,14:53:30
Unknown,14:53:30
Unknown,14:53:30
Unknown,14:53:30
Unknown,14:53:30
Unknown,14:53:30
Unknown,14:53:30
Unknown,14:53:30
Unknown,14:53:30
Unknown,14:53:30
Unknown,14:53:30
Unknown,14:53:30
Unknown,14:53:30
Unknown,14:53:30
Unknown,14:53:30
Unknown,14:53:30
Unknown,14:53:30
Unknown,14:53:30
Unknown,14:53:30
Unknown,14:53:30
Unknown,14:53:30
Unknown,14:53:30
Unknown,14:53:30
Unknown,14:53:30
Unknown,14:53:30
Unknown,14:53:30
Unknown,14:53:30
Unknown,14:53:30
Unknown,14:53:30
Unknown,14:53:30
Unknown,14:53:30
Unknown,14:53:30
Unknown,14:53:30
Unknown,14:53:30
Unknown,14:53:30
Unknown,14:53:30
Unknown,14:53:30
Unknown,14:53:30
Unknown,14:53:30
Unknown,14:53:30
Unknown,14:53:30
Unknown,14:53:30
Unknown,14:53:30
Unknown,14:53:30
Unknown,14:53:30
Unknown,14:53:33
Unknown,14:53:33
Unknown,14:53:33
Unknown,14:53:33
Unknown,14:53:33
Unknown,14:53:33
Unknown,14:53:33
Unknown,14:53:33
Unknown,14:53:33
Unknown,14:53:33
Unknown,14:53:33
Unknown,14:53:33
Unknown,14:53:33
Unknown,14:53:33
Unknown,14:53:33
Unknown,14:53:33
Unknown,14:53:33
Unknown,14:53:33
Unknown,14:53:33
Unknown,14:53:33
Unknown,14:53:33
Unknown,14:53:33
Unknown,14:53:33
Unknown,14:53:33
Unknown,14:53:33
Unknown,14:53:33
Unknown,14:53:33
Unknown,14:53:33
Unknown,14:53:33
Unknown,14:53:33
Unknown,14:53:33
Unknown,14:53:33
Unknown,14:53:33
Unknown,14:53:33
Unknown,14:53:33
Unknown,14:53:33
Unknown,14:53:33
Unknown,14:53:33
Unknown,14:53:33
Unknown,14:53:33
Unknown,14:53:33
Unknown,14:53:33
Unknown,14:53:33
Unknown,14:53:33
Unknown,14:53:33
Unknown,14:53:33
Unknown,14:53:33
Unknown,14:53:33
Unknown,14:53:33
Unknown,14:53:33
Unknown,14:53:33
Unknown,14:53:33
Unknown,14:53:33
Unknown,14:53:33
Unknown,14:53:33
Unknown,14:53:33
Unknown,14:53:33
Unknown,14:53:33
Unknown,14:53:33
Unknown,14:53:33
Unknown,14:53:33
Unknown,14:53:33
Unknown,14:53:33
Unknown,14:53:33
Unknown,14:53:33
Unknown,14:53:33
Unknown,14:53:33
Unknown,14:53:33
Unknown,14:53:33
Unknown,14:53:33
Unknown,14:53:33
Unknown,14:53:33
Unknown,14:53:33
Unknown,14:53:33
Unknown,14:53:33
Unknown,14:53:33
Unknown,14:53:33
Unknown,14:53:33
Unknown,14:53:33
Unknown,14:53:33
Unknown,14:53:33
Unknown,14:53:33
Unknown,14:53:33
Unknown,14:53:33
Unknown,14:53:33
Unknown,14:53:33
Unknown,14:53:33
Unknown,14:53:33
Unknown,14:53:33
Unknown,14:53:33
Unknown,14:53:33
Unknown,14:53:33
Unknown,14:53:33
Unknown,14:53:33
Unknown,14:53:33
Unknown,14:53:33
Unknown,14:53:33
Unknown,14:53:33
Unknown,14:53:33
Unknown,14:53:33
Unknown,14:53:33
Unknown,14:53:33
Unknown,14:53:33
Unknown,14:53:33
Unknown,14:53:33
Unknown,14:53:33
Unknown,14:53:33
Unknown,14:53:33
Unknown,14:53:33
Unknown,14:53:33
Unknown,14:53:33
Unknown,14:53:33
Unknown,14:53:33
Unknown,14:53:33
Unknown,14:53:33
Unknown,14:53:33
Unknown,14:53:33
Unknown,14:53:33
Unknown,14:53:33
Unknown,14:53:35
Unknown,14:53:35
Unknown,14:53:35
Unknown,14:53:35
Unknown,14:53:35
Unknown,14:53:35
Unknown,14:53:35
Unknown,14:53:35
Unknown,14:53:35
Unknown,14:53:35
Unknown,14:53:35
Unknown,14:53:35
Unknown,14:53:35
Unknown,14:53:35
Unknown,14:53:35
Unknown,14:53:35
Unknown,14:53:35
Unknown,14:53:35
Unknown,14:53:35
Unknown,14:53:35
Unknown,14:53:35
Unknown,14:53:35
Unknown,14:53:35
Unknown,14:53:35
Unknown,14:53:35
Unknown,14:53:35
Unknown,14:53:35
Unknown,14:53:35
Unknown,14:53:35
Unknown,14:53:35
Unknown,14:53:35
Unknown,14:53:35
Unknown,14:53:35
Unknown,14:53:35
Unknown,14:53:35
Unknown,14:53:35
Unknown,14:53:35
Unknown,14:53:35
Unknown,14:53:35
Unknown,14:53:35
Unknown,14:53:35
Unknown,14:53:35
Unknown,14:53:35
Unknown,14:53:35
Unknown,14:53:35
Unknown,14:53:35
Unknown,14:53:35
Unknown,14:53:35
Unknown,14:53:35
Unknown,14:53:35
Unknown,14:53:35
Unknown,14:53:35
Unknown,14:53:35
Unknown,14:53:35
Unknown,14:53:35
Unknown,14:53:35
Unknown,14:53:35
Unknown,14:53:35
Unknown,14:53:35
Unknown,14:53:35
Unknown,14:53:35
Unknown,14:53:35
Unknown,14:53:35
Unknown,14:53:35
Unknown,14:53:35
Unknown,14:53:35
Unknown,14:53:35
Unknown,14:53:35
Unknown,14:53:35
Unknown,14:53:35
Unknown,14:53:35
Unknown,14:53:35
Unknown,14:53:35
Unknown,14:53:35
Unknown,14:53:35
Unknown,14:53:35
Unknown,14:53:35
Unknown,14:53:35
Unknown,14:53:35
Unknown,14:53:35
Unknown,14:53:35
Unknown,14:53:35
Unknown,14:53:35
Unknown,14:53:35
Unknown,14:53:35
Unknown,14:53:35
Unknown,14:53:35
Unknown,14:53:35
Unknown,14:53:35
Unknown,14:53:35
Unknown,14:53:35
Unknown,14:53:35
Unknown,14:53:35
Unknown,14:53:35
Unknown,14:53:35
Unknown,14:53:35
Unknown,14:53:35
Unknown,14:53:35
Unknown,14:53:35
Unknown,14:53:35
Unknown,14:53:35
Unknown,14:53:35
Unknown,14:53:35
Unknown,14:53:35
Unknown,14:53:35
Unknown,14:53:35
Unknown,14:53:35
Unknown,14:53:35
Unknown,14:53:35
Unknown,14:53:35
Unknown,14:53:35
Unknown,14:53:35
Unknown,14:53:35
Unknown,14:53:35
Unknown,14:53:35
Unknown,14:53:35
Unknown,14:53:35
Unknown,14:53:35
Unknown,14:53:35
Unknown,14:53:41
Unknown,14:53:41
Unknown,14:53:41
Unknown,14:53:41
Unknown,14:53:41
Unknown,14:53:41
Unknown,14:53:41
Unknown,14:53:41
Unknown,14:53:41
Unknown,14:53:41
Unknown,14:53:41
Unknown,14:53:41
Unknown,14:53:41
Unknown,14:53:41
Unknown,14:53:41
Unknown,14:53:41
Unknown,14:53:41
Unknown,14:53:41
Unknown,14:53:41
Unknown,14:53:41
Unknown,14:53:41
Unknown,14:53:41
Unknown,14:53:41
Unknown,14:53:41
Unknown,14:53:41
Unknown,14:53:41
Unknown,14:53:41
Unknown,14:53:41
Unknown,14:53:41
Unknown,14:53:41
Unknown,14:53:41
Unknown,14:53:41
Unknown,14:53:41
Unknown,14:53:41
Unknown,14:53:41
Unknown,14:53:41
Unknown,14:53:41
Unknown,14:53:41
Unknown,14:53:41
Unknown,14:53:41
Unknown,14:53:41
Unknown,14:53:41
Unknown,14:53:41
Unknown,14:53:41
Unknown,14:53:41
Unknown,14:53:41
Unknown,14:53:41
Unknown,14:53:41
Unknown,14:53:41
Unknown,14:53:41
Unknown,14:53:41
Unknown,14:53:41
Unknown,14:53:41
Unknown,14:53:41
Unknown,14:53:41
Unknown,14:53:41
Unknown,14:53:41
Unknown,14:53:41
Unknown,14:53:41
Unknown,14:53:41
Unknown,14:53:41
Unknown,14:53:41
Unknown,14:53:41
Unknown,14:53:41
Unknown,14:53:41
Unknown,14:53:41
Unknown,14:53:41
Unknown,14:53:41
Unknown,14:53:41
Unknown,14:53:41
Unknown,14:53:41
Unknown,14:53:41
Unknown,14:53:41
Unknown,14:53:41
Unknown,14:53:41
Unknown,14:53:41
Unknown,14:53:41
Unknown,14:53:41
Unknown,14:53:41
Unknown,14:53:41
Unknown,14:53:41
Unknown,14:53:41
Unknown,14:53:41
Unknown,14:53:41
Unknown,14:53:41
Unknown,14:53:41
Unknown,14:53:41
Unknown,14:53:41
Unknown,14:53:41
Unknown,14:53:41
Unknown,14:53:41
Unknown,14:53:41
Unknown,14:53:41
Unknown,14:53:41
Unknown,14:53:41
Unknown,14:53:41
Unknown,14:53:41
Unknown,14:53:41
Unknown,14:53:41
Unknown,14:53:41
Unknown,14:53:41
Unknown,14:53:41
Unknown,14:53:41
Unknown,14:53:41
Unknown,14:53:41
Unknown,14:53:41
Unknown,14:53:41
Unknown,14:53:41
Unknown,14:53:41
Unknown,14:53:41
Unknown,14:53:41
Unknown,14:53:41
Unknown,14:53:41
Unknown,14:53:41
Unknown,14:53:41
Unknown,14:53:41
Unknown,14:53:41
Unknown,14:53:41
Unknown,14:53:41
Unknown,14:53:44
Unknown,14:53:44
Unknown,14:53:44
Unknown,14:53:44
Unknown,14:53:44
Unknown,14:53:44
Unknown,14:53:44
Unknown,14:53:44
Unknown,14:53:44
Unknown,14:53:44
Unknown,14:53:44
Unknown,14:53:44
Unknown,14:53:44
Unknown,14:53:44
Unknown,14:53:44
Unknown,14:53:44
Unknown,14:53:44
Unknown,14:53:44
Unknown,14:53:44
Unknown,14:53:44
Unknown,14:53:44
Unknown,14:53:44
Unknown,14:53:44
Unknown,14:53:44
Unknown,14:53:44
Unknown,14:53:44
Unknown,14:53:44
Unknown,14:53:44
Unknown,14:53:44
Unknown,14:53:44
Unknown,14:53:44
Unknown,14:53:44
Unknown,14:53:44
Unknown,14:53:44
Unknown,14:53:44
Unknown,14:53:44
Unknown,14:53:44
Unknown,14:53:44
Unknown,14:53:44
Unknown,14:53:44
Unknown,14:53:44
Unknown,14:53:44
Unknown,14:53:44
Unknown,14:53:44
Unknown,14:53:44
Unknown,14:53:44
Unknown,14:53:44
Unknown,14:53:44
Unknown,14:53:44
Unknown,14:53:44
Unknown,14:53:44
Unknown,14:53:44
Unknown,14:53:44
Unknown,14:53:44
Unknown,14:53:44
Unknown,14:53:44
Unknown,14:53:44
Unknown,14:53:44
Unknown,14:53:44
Unknown,14:53:44
Unknown,14:53:44
Unknown,14:53:44
Unknown,14:53:44
Unknown,14:53:44
Unknown,14:53:44
Unknown,14:53:44
Unknown,14:53:44
Unknown,14:53:44
Unknown,14:53:44
Unknown,14:53:44
Unknown,14:53:44
Unknown,14:53:44
Unknown,14:53:44
Unknown,14:53:44
Unknown,14:53:44
Unknown,14:53:44
Unknown,14:53:44
Unknown,14:53:44
Unknown,14:53:44
Unknown,14:53:44
Unknown,14:53:44
Unknown,14:53:44
Unknown,14:53:44
Unknown,14:53:44
Unknown,14:53:44
Unknown,14:53:44
Unknown,14:53:44
Unknown,14:53:44
Unknown,14:53:44
Unknown,14:53:44
Unknown,14:53:44
Unknown,14:53:44
Unknown,14:53:44
Unknown,14:53:44
Unknown,14:53:44
Unknown,14:53:44
Unknown,14:53:44
Unknown,14:53:44
Unknown,14:53:44
Unknown,14:53:44
Unknown,14:53:44
Unknown,14:53:44
Unknown,14:53:44
Unknown,14:53:44
Unknown,14:53:44
Unknown,14:53:44
Unknown,14:53:44
Unknown,14:53:44
Unknown,14:53:44
Unknown,14:53:44
Unknown,14:53:44
Unknown,14:53:44
Unknown,14:53:44
Unknown,14:53:44
Unknown,14:53:44
Unknown,14:53:44
Unknown,14:53:44
Unknown,14:53:44
Unknown,14:53:44
Unknown,14:53:47
Unknown,14:53:47
Unknown,14:53:47
Unknown,14:53:47
Unknown,14:53:47
Unknown,14:53:47
Unknown,14:53:47
Unknown,14:53:47
Unknown,14:53:47
Unknown,14:53:47
Unknown,14:53:47
Unknown,14:53:47
Unknown,14:53:47
Unknown,14:53:47
Unknown,14:53:47
Unknown,14:53:47
Unknown,14:53:47
Unknown,14:53:47
Unknown,14:53:47
Unknown,14:53:47
Unknown,14:53:47
Unknown,14:53:47
Unknown,14:53:47
Unknown,14:53:47
Unknown,14:53:47
Unknown,14:53:47
Unknown,14:53:47
Unknown,14:53:47
Unknown,14:53:47
Unknown,14:53:47
Unknown,14:53:47
Unknown,14:53:47
Unknown,14:53:47
Unknown,14:53:47
Unknown,14:53:47
Unknown,14:53:47
Unknown,14:53:47
Unknown,14:53:47
Unknown,14:53:47
Unknown,14:53:47
Unknown,14:53:47
Unknown,14:53:47
Unknown,14:53:47
Unknown,14:53:47
Unknown,14:53:47
Unknown,14:53:47
Unknown,14:53:47
Unknown,14:53:47
Unknown,14:53:47
Unknown,14:53:47
Unknown,14:53:47
Unknown,14:53:47
Unknown,14:53:47
Unknown,14:53:47
Unknown,14:53:47
Unknown,14:53:47
Unknown,14:53:47
Unknown,14:53:47
Unknown,14:53:47
Unknown,14:53:47
Unknown,14:53:47
Unknown,14:53:47
Unknown,14:53:47
Unknown,14:53:47
Unknown,14:53:47
Unknown,14:53:47
Unknown,14:53:47
Unknown,14:53:47
Unknown,14:53:47
Unknown,14:53:47
Unknown,14:53:47
Unknown,14:53:47
Unknown,14:53:47
Unknown,14:53:47
Unknown,14:53:47
Unknown,14:53:47
Unknown,14:53:47
Unknown,14:53:47
Unknown,14:53:47
Unknown,14:53:47
Unknown,14:53:47
Unknown,14:53:47
Unknown,14:53:47
Unknown,14:53:47
Unknown,14:53:47
Unknown,14:53:47
Unknown,14:53:47
Unknown,14:53:47
Unknown,14:53:47
Unknown,14:53:47
Unknown,14:53:47
Unknown,14:53:47
Unknown,14:53:47
Unknown,14:53:47
Unknown,14:53:47
Unknown,14:53:47
Unknown,14:53:47
Unknown,14:53:47
Unknown,14:53:47
Unknown,14:53:47
Unknown,14:53:47
Unknown,14:53:47
Unknown,14:53:47
Unknown,14:53:47
Unknown,14:53:47
Unknown,14:53:47
Unknown,14:53:47
Unknown,14:53:47
Unknown,14:53:47
Unknown,14:53:47
Unknown,14:53:47
Unknown,14:53:47
Unknown,14:53:47
Unknown,14:53:47
Unknown,14:53:47
Unknown,14:53:47
Unknown,14:53:47
Unknown,14:53:47
Unknown,14:53:47
Unknown,14:53:50
Unknown,14:53:50
Unknown,14:53:50
Unknown,14:53:50
Unknown,14:53:50
Unknown,14:53:50
Unknown,14:53:50
Unknown,14:53:50
Unknown,14:53:50
Unknown,14:53:50
Unknown,14:53:50
Unknown,14:53:50
Unknown,14:53:50
Unknown,14:53:50
Unknown,14:53:50
Unknown,14:53:50
Unknown,14:53:50
Unknown,14:53:50
Unknown,14:53:50
Unknown,14:53:50
Unknown,14:53:50
Unknown,14:53:50
Unknown,14:53:50
Unknown,14:53:50
Unknown,14:53:50
Unknown,14:53:50
Unknown,14:53:50
Unknown,14:53:50
Unknown,14:53:50
Unknown,14:53:50
Unknown,14:53:50
Unknown,14:53:50
Unknown,14:53:50
Unknown,14:53:50
Unknown,14:53:50
Unknown,14:53:50
Unknown,14:53:50
Unknown,14:53:50
Unknown,14:53:50
Unknown,14:53:50
Unknown,14:53:50
Unknown,14:53:50
Unknown,14:53:50
Unknown,14:53:50
Unknown,14:53:50
Unknown,14:53:50
Unknown,14:53:50
Unknown,14:53:50
Unknown,14:53:50
Unknown,14:53:50
Unknown,14:53:50
Unknown,14:53:50
Unknown,14:53:50
Unknown,14:53:50
Unknown,14:53:50
Unknown,14:53:50
Unknown,14:53:50
Unknown,14:53:50
Unknown,14:53:50
Unknown,14:53:50
Unknown,14:53:50
Unknown,14:53:50
Unknown,14:53:50
Unknown,14:53:50
Unknown,14:53:50
Unknown,14:53:50
Unknown,14:53:50
Unknown,14:53:50
Unknown,14:53:50
Unknown,14:53:50
Unknown,14:53:50
Unknown,14:53:50
Unknown,14:53:50
Unknown,14:53:50
Unknown,14:53:50
Unknown,14:53:50
Unknown,14:53:50
Unknown,14:53:50
Unknown,14:53:50
Unknown,14:53:50
Unknown,14:53:50
Unknown,14:53:50
Unknown,14:53:50
Unknown,14:53:50
Unknown,14:53:50
Unknown,14:53:50
Unknown,14:53:50
Unknown,14:53:50
Unknown,14:53:50
Unknown,14:53:50
Unknown,14:53:50
Unknown,14:53:50
Unknown,14:53:50
Unknown,14:53:50
Unknown,14:53:50
Unknown,14:53:50
Unknown,14:53:50
Unknown,14:53:50
Unknown,14:53:50
Unknown,14:53:50
Unknown,14:53:50
Unknown,14:53:50
Unknown,14:53:50
Unknown,14:53:50
Unknown,14:53:50
Unknown,14:53:50
Unknown,14:53:50
Unknown,14:53:50
Unknown,14:53:50
Unknown,14:53:50
Unknown,14:53:50
Unknown,14:53:50
Unknown,14:53:50
Unknown,14:53:50
Unknown,14:53:50
Unknown,14:53:50
Unknown,14:53:50
Unknown,14:53:50
Unknown,14:53:50
Unknown,14:53:53
Unknown,14:53:53
Unknown,14:53:53
Unknown,14:53:53
Unknown,14:53:53
Unknown,14:53:53
Unknown,14:53:53
Unknown,14:53:53
Unknown,14:53:53
Unknown,14:53:53
Unknown,14:53:53
Unknown,14:53:53
Unknown,14:53:53
Unknown,14:53:53
Unknown,14:53:53
Unknown,14:53:53
Unknown,14:53:53
Unknown,14:53:53
Unknown,14:53:53
Unknown,14:53:53
Unknown,14:53:53
Unknown,14:53:53
Unknown,14:53:53
Unknown,14:53:53
Unknown,14:53:53
Unknown,14:53:53
Unknown,14:53:53
Unknown,14:53:53
Unknown,14:53:53
Unknown,14:53:53
Unknown,14:53:53
Unknown,14:53:53
Unknown,14:53:53
Unknown,14:53:53
Unknown,14:53:53
Unknown,14:53:53
Unknown,14:53:53
Unknown,14:53:53
Unknown,14:53:53
Unknown,14:53:53
Unknown,14:53:53
Unknown,14:53:53
Unknown,14:53:53
Unknown,14:53:53
Unknown,14:53:53
Unknown,14:53:53
Unknown,14:53:53
Unknown,14:53:53
Unknown,14:53:53
Unknown,14:53:53
Unknown,14:53:53
Unknown,14:53:53
Unknown,14:53:53
Unknown,14:53:53
Unknown,14:53:53
Unknown,14:53:53
Unknown,14:53:53
Unknown,14:53:53
Unknown,14:53:53
Unknown,14:53:53
Unknown,14:53:53
Unknown,14:53:53
Unknown,14:53:53
Unknown,14:53:53
Unknown,14:53:53
Unknown,14:53:53
Unknown,14:53:53
Unknown,14:53:53
Unknown,14:53:53
Unknown,14:53:53
Unknown,14:53:53
Unknown,14:53:53
Unknown,14:53:53
Unknown,14:53:53
Unknown,14:53:53
Unknown,14:53:53
Unknown,14:53:53
Unknown,14:53:53
Unknown,14:53:53
Unknown,14:53:53
Unknown,14:53:53
Unknown,14:53:53
Unknown,14:53:53
Unknown,14:53:53
Unknown,14:53:53
Unknown,14:53:53
Unknown,14:53:53
Unknown,14:53:53
Unknown,14:53:53
Unknown,14:53:53
Unknown,14:53:53
Unknown,14:53:53
Unknown,14:53:53
Unknown,14:53:53
Unknown,14:53:53
Unknown,14:53:53
Unknown,14:53:53
Unknown,14:53:53
Unknown,14:53:53
Unknown,14:53:53
Unknown,14:53:53
Unknown,14:53:53
Unknown,14:53:53
Unknown,14:53:53
Unknown,14:53:53
Unknown,14:53:53
Unknown,14:53:53
Unknown,14:53:53
Unknown,14:53:53
Unknown,14:53:53
Unknown,14:53:53
Unknown,14:53:53
Unknown,14:53:53
Unknown,14:53:53
Unknown,14:53:53
Unknown,14:53:53
Unknown,14:53:53
Unknown,14:53:53
Unknown,14:53:53
Unknown,14:53:59
Unknown,14:53:59
Unknown,14:53:59
Unknown,14:53:59
Unknown,14:53:59
Unknown,14:53:59
Unknown,14:53:59
Unknown,14:53:59
Unknown,14:53:59
Unknown,14:53:59
Unknown,14:53:59
Unknown,14:53:59
Unknown,14:53:59
Unknown,14:53:59
Unknown,14:53:59
Unknown,14:53:59
Unknown,14:53:59
Unknown,14:53:59
Unknown,14:53:59
Unknown,14:53:59
Unknown,14:53:59
Unknown,14:53:59
Unknown,14:53:59
Unknown,14:53:59
Unknown,14:53:59
Unknown,14:53:59
Unknown,14:53:59
Unknown,14:53:59
Unknown,14:53:59
Unknown,14:53:59
Unknown,14:53:59
Unknown,14:53:59
Unknown,14:53:59
Unknown,14:53:59
Unknown,14:53:59
Unknown,14:53:59
Unknown,14:53:59
Unknown,14:53:59
Unknown,14:53:59
Unknown,14:53:59
Unknown,14:53:59
Unknown,14:53:59
Unknown,14:53:59
Unknown,14:53:59
Unknown,14:53:59
Unknown,14:53:59
Unknown,14:53:59
Unknown,14:53:59
Unknown,14:53:59
Unknown,14:53:59
Unknown,14:53:59
Unknown,14:53:59
Unknown,14:53:59
Unknown,14:53:59
Unknown,14:53:59
Unknown,14:53:59
Unknown,14:53:59
Unknown,14:53:59
Unknown,14:53:59
Unknown,14:53:59
Unknown,14:53:59
Unknown,14:53:59
Unknown,14:53:59
Unknown,14:53:59
Unknown,14:53:59
Unknown,14:53:59
Unknown,14:53:59
Unknown,14:53:59
Unknown,14:53:59
Unknown,14:53:59
Unknown,14:53:59
Unknown,14:53:59
Unknown,14:53:59
Unknown,14:53:59
Unknown,14:53:59
Unknown,14:53:59
Unknown,14:53:59
Unknown,14:53:59
Unknown,14:53:59
Unknown,14:53:59
Unknown,14:53:59
Unknown,14:53:59
Unknown,14:53:59
Unknown,14:53:59
Unknown,14:53:59
Unknown,14:53:59
Unknown,14:53:59
Unknown,14:53:59
Unknown,14:53:59
Unknown,14:53:59
Unknown,14:53:59
Unknown,14:53:59
Unknown,14:53:59
Unknown,14:53:59
Unknown,14:53:59
Unknown,14:53:59
Unknown,14:53:59
Unknown,14:53:59
Unknown,14:53:59
Unknown,14:53:59
Unknown,14:53:59
Unknown,14:53:59
Unknown,14:53:59
Unknown,14:53:59
Unknown,14:53:59
Unknown,14:53:59
Unknown,14:53:59
Unknown,14:53:59
Unknown,14:53:59
Unknown,14:53:59
Unknown,14:53:59
Unknown,14:53:59
Unknown,14:53:59
Unknown,14:53:59
Unknown,14:53:59
Unknown,14:53:59
Unknown,14:53:59
Unknown,14:53:59
Unknown,14:53:59
Unknown,15:02:07
Unknown,15:02:07
Unknown,15:02:07
Unknown,15:02:07
Unknown,15:02:07
Unknown,15:02:07
Unknown,15:02:07
Unknown,15:02:07
Unknown,15:02:07
Unknown,15:02:07
Unknown,15:02:07
Unknown,15:02:07
Unknown,15:02:07
Unknown,15:02:07
Unknown,15:02:07
Unknown,15:02:07
Unknown,15:02:07
Unknown,15:02:07
Unknown,15:02:07
Unknown,15:02:07
Unknown,15:02:07
Unknown,15:02:07
Unknown,15:02:07
Unknown,15:02:07
Unknown,15:02:07
Unknown,15:02:07
Unknown,15:02:07
Unknown,15:02:07
Unknown,15:02:07
Unknown,15:02:07
Unknown,15:02:07
Unknown,15:02:07
Unknown,15:02:07
Unknown,15:02:07
Unknown,15:02:07
Unknown,15:02:07
Unknown,15:02:07
Unknown,15:02:07
Unknown,15:02:07
Unknown,15:02:07
Unknown,15:02:07
Unknown,15:02:07
Unknown,15:02:07
Unknown,15:02:07
Unknown,15:02:07
Unknown,15:02:07
Unknown,15:02:07
Unknown,15:02:07
Unknown,15:02:07
Unknown,15:02:07
Unknown,15:02:07
Unknown,15:02:07
Unknown,15:02:07
Unknown,15:02:07
Unknown,15:02:07
Unknown,15:02:07
Unknown,15:02:07
Unknown,15:02:07
Unknown,15:02:07
Unknown,15:02:07
Unknown,15:02:07
Unknown,15:02:07
Unknown,15:02:07
Unknown,15:02:07
Unknown,15:02:07
Unknown,15:02:07
Unknown,15:02:07
Unknown,15:02:07
Unknown,15:02:07
Unknown,15:02:07
Unknown,15:02:07
Unknown,15:02:07
Unknown,15:02:07
Unknown,15:02:07
Unknown,15:02:07
Unknown,15:02:07
Unknown,15:02:07
Unknown,15:02:07
Unknown,15:02:07
Unknown,15:02:07
Unknown,15:02:07
Unknown,15:02:07
Unknown,15:02:07
Unknown,15:02:07
Unknown,15:02:07
Unknown,15:02:07
Unknown,15:02:07
Unknown,15:02:07
Unknown,15:02:07
Unknown,15:02:07
Unknown,15:02:07
Unknown,15:02:07
Unknown,15:02:07
Unknown,15:02:07
Unknown,15:02:07
Unknown,15:02:07
Unknown,15:02:07
Unknown,15:02:07
Unknown,15:02:07
Unknown,15:02:07
Unknown,15:02:07
Unknown,15:02:07
Unknown,15:02:07
Unknown,15:02:07
Unknown,15:02:07
Unknown,15:02:07
Unknown,15:02:07
Unknown,15:02:07
Unknown,15:02:07
Unknown,15:02:07
Unknown,15:02:07
Unknown,15:02:07
Unknown,15:02:07
Unknown,15:02:07
Unknown,15:02:07
Unknown,15:02:07
Unknown,15:02:07
Unknown,15:02:07
Unknown,15:02:07
Unknown,15:02:10
Unknown,15:02:10
Unknown,15:02:10
Unknown,15:02:10
Unknown,15:02:10
Unknown,15:02:10
Unknown,15:02:10
Unknown,15:02:10
Unknown,15:02:10
Unknown,15:02:10
Unknown,15:02:10
Unknown,15:02:10
Unknown,15:02:10
Unknown,15:02:10
Unknown,15:02:10
Unknown,15:02:10
Unknown,15:02:10
Unknown,15:02:10
Unknown,15:02:10
Unknown,15:02:10
Unknown,15:02:10
Unknown,15:02:10
Unknown,15:02:10
Unknown,15:02:10
Unknown,15:02:10
Unknown,15:02:10
Unknown,15:02:10
Unknown,15:02:10
Unknown,15:02:10
Unknown,15:02:10
Unknown,15:02:10
Unknown,15:02:10
Unknown,15:02:10
Unknown,15:02:10
Unknown,15:02:10
Unknown,15:02:10
Unknown,15:02:10
Unknown,15:02:10
Unknown,15:02:10
Unknown,15:02:10
Unknown,15:02:10
Unknown,15:02:10
Unknown,15:02:10
Unknown,15:02:10
Unknown,15:02:10
Unknown,15:02:10
Unknown,15:02:10
Unknown,15:02:10
Unknown,15:02:10
Unknown,15:02:10
Unknown,15:02:10
Unknown,15:02:10
Unknown,15:02:10
Unknown,15:02:10
Unknown,15:02:10
Unknown,15:02:10
Unknown,15:02:10
Unknown,15:02:10
Unknown,15:02:10
Unknown,15:02:10
Unknown,15:02:10
Unknown,15:02:10
Unknown,15:02:10
Unknown,15:02:10
Unknown,15:02:10
Unknown,15:02:10
Unknown,15:02:10
Unknown,15:02:10
Unknown,15:02:10
Unknown,15:02:10
Unknown,15:02:10
Unknown,15:02:10
Unknown,15:02:10
Unknown,15:02:10
Unknown,15:02:10
Unknown,15:02:10
Unknown,15:02:10
Unknown,15:02:10
Unknown,15:02:10
Unknown,15:02:10
Unknown,15:02:10
Unknown,15:02:10
Unknown,15:02:10
Unknown,15:02:10
Unknown,15:02:10
Unknown,15:02:10
Unknown,15:02:10
Unknown,15:02:10
Unknown,15:02:10
Unknown,15:02:10
Unknown,15:02:10
Unknown,15:02:10
Unknown,15:02:10
Unknown,15:02:10
Unknown,15:02:10
Unknown,15:02:10
Unknown,15:02:10
Unknown,15:02:10
Unknown,15:02:10
Unknown,15:02:10
Unknown,15:02:10
Unknown,15:02:10
Unknown,15:02:10
Unknown,15:02:10
Unknown,15:02:10
Unknown,15:02:10
Unknown,15:02:10
Unknown,15:02:10
Unknown,15:02:10
Unknown,15:02:10
Unknown,15:02:10
Unknown,15:02:10
Unknown,15:02:10
Unknown,15:02:10
Unknown,15:02:10
Unknown,15:02:10
Unknown,15:02:10
Unknown,15:02:10
Unknown,15:02:10
Unknown,15:02:12
Unknown,15:02:12
Unknown,15:02:12
Unknown,15:02:12
Unknown,15:02:12
Unknown,15:02:12
Unknown,15:02:12
Unknown,15:02:12
Unknown,15:02:12
Unknown,15:02:12
Unknown,15:02:12
Unknown,15:02:12
Unknown,15:02:12
Unknown,15:02:12
Unknown,15:02:12
Unknown,15:02:12
Unknown,15:02:12
Unknown,15:02:12
Unknown,15:02:12
Unknown,15:02:12
Unknown,15:02:12
Unknown,15:02:12
Unknown,15:02:12
Unknown,15:02:12
Unknown,15:02:12
Unknown,15:02:12
Unknown,15:02:12
Unknown,15:02:12
Unknown,15:02:12
Unknown,15:02:12
Unknown,15:02:12
Unknown,15:02:12
Unknown,15:02:12
Unknown,15:02:12
Unknown,15:02:12
Unknown,15:02:12
Unknown,15:02:12
Unknown,15:02:12
Unknown,15:02:12
Unknown,15:02:12
Unknown,15:02:12
Unknown,15:02:12
Unknown,15:02:12
Unknown,15:02:12
Unknown,15:02:12
Unknown,15:02:12
Unknown,15:02:12
Unknown,15:02:12
Unknown,15:02:12
Unknown,15:02:12
Unknown,15:02:12
Unknown,15:02:12
Unknown,15:02:12
Unknown,15:02:12
Unknown,15:02:12
Unknown,15:02:12
Unknown,15:02:12
Unknown,15:02:12
Unknown,15:02:12
Unknown,15:02:12
Unknown,15:02:12
Unknown,15:02:12
Unknown,15:02:12
Unknown,15:02:12
Unknown,15:02:12
Unknown,15:02:12
Unknown,15:02:12
Unknown,15:02:12
Unknown,15:02:12
Unknown,15:02:12
Unknown,15:02:12
Unknown,15:02:12
Unknown,15:02:12
Unknown,15:02:12
Unknown,15:02:12
Unknown,15:02:12
Unknown,15:02:12
Unknown,15:02:12
Unknown,15:02:12
Unknown,15:02:12
Unknown,15:02:12
Unknown,15:02:12
Unknown,15:02:12
Unknown,15:02:12
Unknown,15:02:12
Unknown,15:02:12
Unknown,15:02:12
Unknown,15:02:12
Unknown,15:02:12
Unknown,15:02:12
Unknown,15:02:12
Unknown,15:02:12
Unknown,15:02:12
Unknown,15:02:12
Unknown,15:02:12
Unknown,15:02:12
Unknown,15:02:12
Unknown,15:02:12
Unknown,15:02:12
Unknown,15:02:12
Unknown,15:02:12
Unknown,15:02:12
Unknown,15:02:12
Unknown,15:02:12
Unknown,15:02:12
Unknown,15:02:12
Unknown,15:02:12
Unknown,15:02:12
Unknown,15:02:12
Unknown,15:02:12
Unknown,15:02:12
Unknown,15:02:12
Unknown,15:02:12
Unknown,15:02:12
Unknown,15:02:12
Unknown,15:02:12
Unknown,15:02:12
Unknown,15:02:12
Unknown,15:02:12
Unknown,15:02:19
Unknown,15:02:19
Unknown,15:02:19
Unknown,15:02:19
Unknown,15:02:19
Unknown,15:02:19
Unknown,15:02:19
Unknown,15:02:19
Unknown,15:02:19
Unknown,15:02:19
Unknown,15:02:19
Unknown,15:02:19
Unknown,15:02:19
Unknown,15:02:19
Unknown,15:02:19
Unknown,15:02:19
Unknown,15:02:19
Unknown,15:02:19
Unknown,15:02:19
Unknown,15:02:19
Unknown,15:02:19
Unknown,15:02:19
Unknown,15:02:19
Unknown,15:02:19
Unknown,15:02:19
Unknown,15:02:19
Unknown,15:02:19
Unknown,15:02:19
Unknown,15:02:19
Unknown,15:02:19
Unknown,15:02:19
Unknown,15:02:19
Unknown,15:02:19
Unknown,15:02:19
Unknown,15:02:19
Unknown,15:02:19
Unknown,15:02:19
Unknown,15:02:19
Unknown,15:02:19
Unknown,15:02:19
Unknown,15:02:19
Unknown,15:02:19
Unknown,15:02:19
Unknown,15:02:19
Unknown,15:02:19
Unknown,15:02:19
Unknown,15:02:19
Unknown,15:02:19
Unknown,15:02:19
Unknown,15:02:19
Unknown,15:02:19
Unknown,15:02:19
Unknown,15:02:19
Unknown,15:02:19
Unknown,15:02:19
Unknown,15:02:19
Unknown,15:02:19
Unknown,15:02:19
Unknown,15:02:19
Unknown,15:02:19
Unknown,15:02:19
Unknown,15:02:19
Unknown,15:02:19
Unknown,15:02:19
Unknown,15:02:19
Unknown,15:02:19
Unknown,15:02:19
Unknown,15:02:19
Unknown,15:02:19
Unknown,15:02:19
Unknown,15:02:19
Unknown,15:02:19
Unknown,15:02:19
Unknown,15:02:19
Unknown,15:02:19
Unknown,15:02:19
Unknown,15:02:19
Unknown,15:02:19
Unknown,15:02:19
Unknown,15:02:19
Unknown,15:02:19
Unknown,15:02:19
Unknown,15:02:19
Unknown,15:02:19
Unknown,15:02:19
Unknown,15:02:19
Unknown,15:02:19
Unknown,15:02:19
Unknown,15:02:19
Unknown,15:02:19
Unknown,15:02:19
Unknown,15:02:19
Unknown,15:02:19
Unknown,15:02:19
Unknown,15:02:19
Unknown,15:02:19
Unknown,15:02:19
Unknown,15:02:19
Unknown,15:02:19
Unknown,15:02:19
Unknown,15:02:19
Unknown,15:02:19
Unknown,15:02:19
Unknown,15:02:19
Unknown,15:02:19
Unknown,15:02:19
Unknown,15:02:19
Unknown,15:02:19
Unknown,15:02:19
Unknown,15:02:19
Unknown,15:02:19
Unknown,15:02:19
Unknown,15:02:19
Unknown,15:02:19
Unknown,15:02:19
Unknown,15:02:19
Unknown,15:02:19
Unknown,15:02:19
Unknown,15:02:19
Unknown,17:01:23
Unknown,17:01:23
Unknown,17:01:23
Unknown,17:01:23
Unknown,17:01:23
Unknown,17:01:23
Unknown,17:01:23
Unknown,17:01:23
Unknown,17:01:23
Unknown,17:01:23
Unknown,17:01:23
Unknown,17:01:23
Unknown,17:01:23
Unknown,17:01:23
Unknown,17:01:23
Unknown,17:01:23
Unknown,17:01:23
Unknown,17:01:23
Unknown,17:01:23
Unknown,17:01:23
Unknown,17:01:23
Unknown,17:01:23
Unknown,17:01:23
Unknown,17:01:23
Unknown,17:01:23
Unknown,17:01:23
Unknown,17:01:23
Unknown,17:01:23
Unknown,17:01:23
Unknown,17:01:23
Unknown,17:01:23
Unknown,17:01:23
Unknown,17:01:23
Unknown,17:01:23
Unknown,17:01:23
Unknown,17:01:23
Unknown,17:01:23
Unknown,17:01:23
Unknown,17:01:23
Unknown,17:01:23
Unknown,17:01:23
Unknown,17:01:23
Unknown,17:01:23
Unknown,17:01:23
Unknown,17:01:23
Unknown,17:01:23
Unknown,17:01:23
Unknown,17:01:23
Unknown,17:01:23
Unknown,17:01:23
Unknown,17:01:23
Unknown,17:01:23
Unknown,17:01:23
Unknown,17:01:23
Unknown,17:01:23
Unknown,17:01:23
Unknown,17:01:23
Unknown,17:01:23
Unknown,17:01:23
Unknown,17:01:23
Unknown,17:01:23
Unknown,17:01:23
Unknown,17:01:23
Unknown,17:01:23
Unknown,17:01:23
Unknown,17:01:23
Unknown,17:01:23
Unknown,17:01:23
Unknown,17:01:23
Unknown,17:01:23
Unknown,17:01:23
Unknown,17:01:23
Unknown,17:01:23
Unknown,17:01:23
Unknown,17:01:23
Unknown,17:01:23
Unknown,17:01:23
Unknown,17:01:23
Unknown,17:01:23
Unknown,17:01:23
Unknown,17:01:23
Unknown,17:01:23
Unknown,17:01:23
Unknown,17:01:23
Unknown,17:01:23
Unknown,17:01:23
Unknown,17:01:23
Unknown,17:01:23
Unknown,17:01:23
Unknown,17:01:23
Unknown,17:01:23
Unknown,17:01:23
Unknown,17:01:23
Unknown,17:01:23
Unknown,17:01:23
Unknown,17:01:23
Unknown,17:01:23
Unknown,17:01:23
Unknown,17:01:23
Unknown,17:01:23
Unknown,17:01:23
Unknown,17:01:23
Unknown,17:01:23
Unknown,17:01:23
Unknown,17:01:23
Unknown,17:01:23
Unknown,17:01:23
Unknown,17:01:23
Unknown,17:01:23
Unknown,17:01:23
Unknown,17:01:23
Unknown,17:01:23
Unknown,17:01:23
Unknown,17:01:23
Unknown,17:01:23
Unknown,17:01:23
Unknown,17:01:23
Unknown,17:01:23
Unknown,17:01:23
Unknown,17:01:25
Unknown,17:01:25
Unknown,17:01:25
Unknown,17:01:25
Unknown,17:01:25
Unknown,17:01:25
Unknown,17:01:25
Unknown,17:01:25
Unknown,17:01:25
Unknown,17:01:25
Unknown,17:01:25
Unknown,17:01:25
Unknown,17:01:25
Unknown,17:01:25
Unknown,17:01:25
Unknown,17:01:25
Unknown,17:01:25
Unknown,17:01:25
Unknown,17:01:25
Unknown,17:01:25
Unknown,17:01:25
Unknown,17:01:25
Unknown,17:01:25
Unknown,17:01:25
Unknown,17:01:25
Unknown,17:01:25
Unknown,17:01:25
Unknown,17:01:25
Unknown,17:01:25
Unknown,17:01:25
Unknown,17:01:25
Unknown,17:01:25
Unknown,17:01:25
Unknown,17:01:25
Unknown,17:01:25
Unknown,17:01:25
Unknown,17:01:25
Unknown,17:01:25
Unknown,17:01:25
Unknown,17:01:25
Unknown,17:01:25
Unknown,17:01:25
Unknown,17:01:25
Unknown,17:01:25
Unknown,17:01:25
Unknown,17:01:25
Unknown,17:01:25
Unknown,17:01:25
Unknown,17:01:25
Unknown,17:01:25
Unknown,17:01:25
Unknown,17:01:25
Unknown,17:01:25
Unknown,17:01:25
Unknown,17:01:25
Unknown,17:01:25
Unknown,17:01:25
Unknown,17:01:25
Unknown,17:01:25
Unknown,17:01:25
Unknown,17:01:25
Unknown,17:01:25
Unknown,17:01:25
Unknown,17:01:25
Unknown,17:01:25
Unknown,17:01:25
Unknown,17:01:25
Unknown,17:01:25
Unknown,17:01:25
Unknown,17:01:25
Unknown,17:01:25
Unknown,17:01:25
Unknown,17:01:25
Unknown,17:01:25
Unknown,17:01:25
Unknown,17:01:25
Unknown,17:01:25
Unknown,17:01:25
Unknown,17:01:25
Unknown,17:01:25
Unknown,17:01:25
Unknown,17:01:25
Unknown,17:01:25
Unknown,17:01:25
Unknown,17:01:25
Unknown,17:01:25
Unknown,17:01:25
Unknown,17:01:25
Unknown,17:01:25
Unknown,17:01:25
Unknown,17:01:25
Unknown,17:01:25
Unknown,17:01:25
Unknown,17:01:25
Unknown,17:01:25
Unknown,17:01:25
Unknown,17:01:25
Unknown,17:01:25
Unknown,17:01:25
Unknown,17:01:25
Unknown,17:01:25
Unknown,17:01:25
Unknown,17:01:25
Unknown,17:01:25
Unknown,17:01:25
Unknown,17:01:25
Unknown,17:01:25
Unknown,17:01:25
Unknown,17:01:25
Unknown,17:01:25
Unknown,17:01:25
Unknown,17:01:25
Unknown,17:01:25
Unknown,17:01:25
Unknown,17:01:25
Unknown,17:01:25
Unknown,17:01:25
Unknown,17:01:25
Unknown,17:01:25
Unknown,17:01:28
Unknown,17:01:28
Unknown,17:01:28
Unknown,17:01:28
Unknown,17:01:28
Unknown,17:01:28
Unknown,17:01:28
Unknown,17:01:28
Unknown,17:01:28
Unknown,17:01:28
Unknown,17:01:28
Unknown,17:01:28
Unknown,17:01:28
Unknown,17:01:28
Unknown,17:01:28
Unknown,17:01:28
Unknown,17:01:28
Unknown,17:01:28
Unknown,17:01:28
Unknown,17:01:28
Unknown,17:01:28
Unknown,17:01:28
Unknown,17:01:28
Unknown,17:01:28
Unknown,17:01:28
Unknown,17:01:28
Unknown,17:01:28
Unknown,17:01:28
Unknown,17:01:28
Unknown,17:01:28
Unknown,17:01:28
Unknown,17:01:28
Unknown,17:01:28
Unknown,17:01:28
Unknown,17:01:28
Unknown,17:01:28
Unknown,17:01:28
Unknown,17:01:28
Unknown,17:01:28
Unknown,17:01:28
Unknown,17:01:28
Unknown,17:01:28
Unknown,17:01:28
Unknown,17:01:28
Unknown,17:01:28
Unknown,17:01:28
Unknown,17:01:28
Unknown,17:01:28
Unknown,17:01:28
Unknown,17:01:28
Unknown,17:01:28
Unknown,17:01:28
Unknown,17:01:28
Unknown,17:01:28
Unknown,17:01:28
Unknown,17:01:28
Unknown,17:01:28
Unknown,17:01:28
Unknown,17:01:28
Unknown,17:01:28
Unknown,17:01:28
Unknown,17:01:28
Unknown,17:01:28
Unknown,17:01:28
Unknown,17:01:28
Unknown,17:01:28
Unknown,17:01:28
Unknown,17:01:28
Unknown,17:01:28
Unknown,17:01:28
Unknown,17:01:28
Unknown,17:01:28
Unknown,17:01:28
Unknown,17:01:28
Unknown,17:01:28
Unknown,17:01:28
Unknown,17:01:28
Unknown,17:01:28
Unknown,17:01:28
Unknown,17:01:28
Unknown,17:01:28
Unknown,17:01:28
Unknown,17:01:28
Unknown,17:01:28
Unknown,17:01:28
Unknown,17:01:28
Unknown,17:01:28
Unknown,17:01:28
Unknown,17:01:28
Unknown,17:01:28
Unknown,17:01:28
Unknown,17:01:28
Unknown,17:01:28
Unknown,17:01:28
Unknown,17:01:28
Unknown,17:01:28
Unknown,17:01:28
Unknown,17:01:28
Unknown,17:01:28
Unknown,17:01:28
Unknown,17:01:28
Unknown,17:01:28
Unknown,17:01:28
Unknown,17:01:28
Unknown,17:01:28
Unknown,17:01:28
Unknown,17:01:28
Unknown,17:01:28
Unknown,17:01:28
Unknown,17:01:28
Unknown,17:01:28
Unknown,17:01:28
Unknown,17:01:28
Unknown,17:01:28
Unknown,17:01:28
Unknown,17:01:28
Unknown,17:01:28
Unknown,17:01:28
Unknown,17:01:28
Unknown,17:01:30
Unknown,17:01:30
Unknown,17:01:30
Unknown,17:01:30
Unknown,17:01:30
Unknown,17:01:30
Unknown,17:01:30
Unknown,17:01:30
Unknown,17:01:30
Unknown,17:01:30
Unknown,17:01:30
Unknown,17:01:30
Unknown,17:01:30
Unknown,17:01:30
Unknown,17:01:30
Unknown,17:01:30
Unknown,17:01:30
Unknown,17:01:30
Unknown,17:01:30
Unknown,17:01:30
Unknown,17:01:30
Unknown,17:01:30
Unknown,17:01:30
Unknown,17:01:30
Unknown,17:01:30
Unknown,17:01:30
Unknown,17:01:30
Unknown,17:01:30
Unknown,17:01:30
Unknown,17:01:30
Unknown,17:01:30
Unknown,17:01:30
Unknown,17:01:30
Unknown,17:01:30
Unknown,17:01:30
Unknown,17:01:30
Unknown,17:01:30
Unknown,17:01:30
Unknown,17:01:30
Unknown,17:01:30
Unknown,17:01:30
Unknown,17:01:30
Unknown,17:01:30
Unknown,17:01:30
Unknown,17:01:30
Unknown,17:01:30
Unknown,17:01:30
Unknown,17:01:30
Unknown,17:01:30
Unknown,17:01:30
Unknown,17:01:30
Unknown,17:01:30
Unknown,17:01:30
Unknown,17:01:30
Unknown,17:01:30
Unknown,17:01:30
Unknown,17:01:30
Unknown,17:01:30
Unknown,17:01:30
Unknown,17:01:30
Unknown,17:01:30
Unknown,17:01:30
Unknown,17:01:30
Unknown,17:01:30
Unknown,17:01:30
Unknown,17:01:30
Unknown,17:01:30
Unknown,17:01:30
Unknown,17:01:30
Unknown,17:01:30
Unknown,17:01:30
Unknown,17:01:30
Unknown,17:01:30
Unknown,17:01:30
Unknown,17:01:30
Unknown,17:01:30
Unknown,17:01:30
Unknown,17:01:30
Unknown,17:01:30
Unknown,17:01:30
Unknown,17:01:30
Unknown,17:01:30
Unknown,17:01:30
Unknown,17:01:30
Unknown,17:01:30
Unknown,17:01:30
Unknown,17:01:30
Unknown,17:01:30
Unknown,17:01:30
Unknown,17:01:30
Unknown,17:01:30
Unknown,17:01:30
Unknown,17:01:30
Unknown,17:01:30
Unknown,17:01:30
Unknown,17:01:30
Unknown,17:01:30
Unknown,17:01:30
Unknown,17:01:30
Unknown,17:01:30
Unknown,17:01:30
Unknown,17:01:30
Unknown,17:01:30
Unknown,17:01:30
Unknown,17:01:30
Unknown,17:01:30
Unknown,17:01:30
Unknown,17:01:30
Unknown,17:01:30
Unknown,17:01:30
Unknown,17:01:30
Unknown,17:01:30
Unknown,17:01:30
Unknown,17:01:30
Unknown,17:01:30
Unknown,17:01:30
Unknown,17:01:30
Unknown,17:01:30
Unknown,17:01:30